bci,sequence,uid,well,stype
1,CATTCCTA,pbs_1239,A1,T
2,CTTCATCA,pbs_1205,A2,T
3,CGTATATC,pbs_1410,A3,T
4,ACATTTAC,pbs_1211,A4,T
5,ACTTAGCT,pbs_1218,A5,T
6,GCAATTCT,pbs_1412,A6,T
7,GCCTATCT,pbs_1273,A7,T
8,ATGCTGCT,pbs_1227,A8,T
9,CATTTACA,pbs_1242,A9,T
10,ACTCGTAA,pbs_1100,A10,T
11,TCTTAGCA,pbs_1419,A11,T
12,ATGCACTT,pbs_1407,A12,T
13,ATTTGGCA,pbs_1231,B1,T
14,TTATTCTG,pbs_1118,B2,T
15,TCATGCTC,pbs_1285,B3,T
16,CATACTTC,pbs_1202,B4,T
17,TCGTTCTA,pbs_1416,B5,T
18,GCTTCATA,pbs_1279,B6,T
19,CTCTGTGC,pbs_1204,B7,T
20,TCCTTATA,pbs_1415,B8,T
21,ACTGCTCT,pbs_1200,B9,T
22,CTCTAATC,pbs_1257,B10,T
23,ACGCTTGC,pbs_1404,B11,T
24,ATCTTAGG,pbs_1224,B12,T
25,CATGTCTC,pbs_1238,C1,T
26,TCATTGCA,pbs_1288,C2,T
27,ACACCTTT,pbs_1209,C3,T
28,AATTTCTC,pbs_1115,C4,T
29,ATTCATGG,pbs_1108,C5,T
30,ACTTTACC,pbs_1220,C6,T
31,CTTCTAAC,pbs_1267,C7,T
32,CTATTTCA,pbs_1145,C8,T
33,TCTCATGC,pbs_1292,C9,T
34,ATCCTTAC,pbs_1223,C10,T
35,TAAATATC,pbs_1125,C11,T
36,TTACCTGC,pbs_1295,C12,T
37,CACTTTCA,pbs_1236,D1,T
38,CACCTTTA,pbs_1233,D2,T
39,CTGACTTC,pbs_1261,D3,T
40,CATTTGGA,pbs_1141,D4,T
41,GCTCTACT,pbs_1277,D5,T
42,GTTACGTA,pbs_1144,D6,T
43,CATATTGC,pbs_1408,D7,T
44,CTATCATC,pbs_1203,D8,T
45,GCTATCAT,pbs_1276,D9,T
46,ACATTCAT,pbs_1210,D10,T
47,TTCGCTAC,pbs_1132,D11,T
48,CATTCTAC,pbs_1240,D12,T
49,CACTTATC,pbs_1234,E1,T
50,ATAAGCTC,pbs_1107,E2,T
51,TCATCCTG,pbs_1284,E3,T
52,CATGGTAT,pbs_1409,E4,T
53,TGGTATAC,pbs_1104,E5,T
54,TTGGGAGA,pbs_1123,E6,T
55,ACTTCATC,pbs_1201,E7,T
56,TCTCTAGC,pbs_1293,E8,T
57,ACTCCTGC,pbs_1215,E9,T
58,TCCAATTT,pbs_1414,E10,T
59,ACTATATA,pbs_1146,E11,T
60,CTCTATAC,pbs_1258,E12,T
61,CTGTCTCA,pbs_1263,F1,T
62,GACCTTTC,pbs_1138,F2,T
63,GATTTGGC,pbs_1271,F3,T
64,TAATTAGC,pbs_1600,F4,T
65,TACTCGAA,pbs_1140,F5,T
66,CAGCCTTT,pbs_1237,F6,T
67,AGTCATTA,pbs_1406,F7,T
68,CTTATACC,pbs_1264,F8,T
69,TCTATTAC,pbs_1106,F9,T
70,CTTGCATT,pbs_1411,F10,T
71,CAATCCTT,pbs_1232,F11,T
72,TTGTCTTA,pbs_1121,F12,T
73,TCACTTTA,pbs_1147,G1,T
74,TGCTTGGG,pbs_1124,G2,T
75,CGCTCATT,pbs_1256,G3,T
76,GCCTCTAT,pbs_1274,G4,T
77,GAGCACAA,pbs_1142,G5,T
78,CTCTTAAC,pbs_1260,G6,T
79,TCTAGGCT,pbs_1291,G7,T
80,AATTCTGC,pbs_1396,G8,T
81,CATTCTCA,pbs_1241,G9,T
82,ACTTGCCT,pbs_1219,G10,T
83,ATCATTGC,pbs_1222,G11,T
84,GTTCAACA,pbs_1119,G12,T
85,TGATTGTC,pbs_1420,H1,T
86,GACTTTGC,pbs_1269,H2,T
87,ATTGGCTC,pbs_1081,H3,T
88,GTGCTAGC,pbs_1127,H4,T
89,CTTTCAAC,pbs_1268,H5,T
90,ACTATTGC,pbs_1214,H6,T
91,ACTGGCTT,pbs_1216,H7,T
92,ATTAGGCT,pbs_1228,H8,T
93,GCCTTTCA,pbs_1275,H9,T
94,ATTCTAGG,pbs_1229,H10,T
95,TCTTACAT,pbs_1418,H11,T
96,ACATTTGG,pbs_1212,H12,T
97,CATCATCC,pbs_1327,A1,R
98,CTGCTTTG,pbs_1148,A2,R
99,TGAGTTCG,pbs_1601,A3,R
100,GCTTATAG,pbs_1166,A4,R
101,TCTGATCC,pbs_1371,A5,R
102,TCTCTTGG,pbs_1370,A6,R
103,CAATTTCC,pbs_1326,A7,R
104,AGTCTCTT,pbs_1312,A8,R
105,TGCTGCTC,pbs_1377,A9,R
106,GTATTTCC,pbs_1346,A10,R
107,TTCCTGTG,pbs_1388,A11,R
108,TCTGGCTC,pbs_1372,A12,R
109,TATGTGTC,pbs_1362,B1,R
110,CAATTCTC,pbs_1301,B2,R
111,TGGTCTCC,pbs_1380,B3,R
112,GCTCTTTA,pbs_1344,B4,R
113,GCTGCATG,pbs_1159,B5,R
114,ACTCATTT,pbs_1310,B6,R
115,AGTCTTGG,pbs_1313,B7,R
116,GGTTCTTC,pbs_1181,B8,R
117,TCATGTTG,pbs_1367,B9,R
118,ATTTTGCC,pbs_1324,B10,R
119,CTTCTGTA,pbs_1339,B11,R
120,GTCCATCT,pbs_1348,B12,R
121,GCTATCTC,pbs_1304,C1,R
122,TAGTTTCC,pbs_1359,C2,R
123,TCCATTAT,pbs_1368,C3,R
124,AGGATTAA,pbs_1175,C4,R
125,AATCTTTC,pbs_1309,C5,R
126,GTCATATG,pbs_1160,C6,R
127,GTGCTTCC,pbs_1351,C7,R
128,ATGTGTTG,pbs_1319,C8,R
129,GCATCTTG,pbs_1413,C9,R
130,TACTGTCT,pbs_1357,C10,R
131,TTCATCGC,pbs_1173,C11,R
132,ACTGTGGG,pbs_1311,C12,R
133,TCTGTGCC,pbs_1373,D1,R
134,TCAATCTC,pbs_1364,D2,R
135,GTCCTCTG,pbs_1349,D3,R
136,TTACATTC,pbs_1386,D4,R
137,ATTCTGTC,pbs_1322,D5,R
138,TGTGTATG,pbs_1383,D6,R
139,TCCATTTG,pbs_1369,D7,R
140,TTAGCTTC,pbs_1387,D8,R
141,GTGCTTGA,pbs_1352,D9,R
142,GTTTGTGA,pbs_1179,D10,R
143,GAAATTAG,pbs_1174,D11,R
144,GCAAATTC,pbs_1182,D12,R
145,TTACCGCC,pbs_1602,E1,R
146,TCTGTCTG,pbs_1417,E2,R
147,GTGGGTTC,pbs_1185,E3,R
148,TTTGCATC,pbs_1394,E4,R
149,CATTTGCT,pbs_1603,E5,R
150,GTGCCTTC,pbs_1350,E6,R
151,ATGTTTCC,pbs_1320,E7,R
152,CTTAATTC,pbs_1338,E8,R
153,GTGTGTGT,pbs_1355,E9,R
154,CATCATTT,pbs_1328,E10,R
155,GTTGTCTC,pbs_1397,E11,R
156,ATCTTCTG,pbs_1316,E12,R
157,TGTTTGCC,pbs_1385,F1,R
158,TTCTGTCA,pbs_1389,F2,R
159,ACGGACTC,pbs_1152,F3,R
160,TTTGGTCA,pbs_1395,F4,R
161,TATCCGGG,pbs_1188,F5,R
162,TGTCATTC,pbs_1381,F6,R
163,CTGTCTGC,pbs_1302,F7,R
164,TGGCTTCC,pbs_1379,F8,R
165,TTGTTGCC,pbs_1393,F9,R
166,GTCATCTC,pbs_1347,F10,R
167,TTGCTCAT,pbs_1391,F11,R
168,ATTCTCTG,pbs_1321,F12,R
169,TATATTCC,pbs_1360,G1,R
170,ATATTGGC,pbs_1161,G2,R
171,GTGTCCTC,pbs_1353,G3,R
172,ATCTTCAT,pbs_1315,G4,R
173,CGTGGTTG,pbs_1190,G5,R
174,TTGCATCC,pbs_1390,G6,R
175,TCTTAATC,pbs_1177,G7,R
176,TGCATTTC,pbs_1375,G8,R
177,GATGTTTC,pbs_1341,G9,R
178,ATCTTGTC,pbs_1317,G10,R
179,TCATATTC,pbs_1365,G11,R
180,TGGCCTCT,pbs_1378,G12,R
181,CGTTGTCT,pbs_1335,H1,R
182,TCTTGTCA,pbs_1374,H2,R
183,TATTCCTG,pbs_1363,H3,R
184,TCCATGTC,pbs_1306,H4,R
185,TTGTCATC,pbs_1392,H5,R
186,ATTTCCTG,pbs_1323,H6,R
187,GTGTCTCC,pbs_1354,H7,R
188,GCTGCTTC,pbs_1345,H8,R
189,TATGCTTC,pbs_1361,H9,R
190,TTTACTCT,pbs_1604,H10,R
191,GAATAATG,pbs_1164,H11,R
192,ACTCTGTG,pbs_1405,H12,R
193,TTCAACCT,pbs_bcrX30,A2,X1
194,CCTATATC,pbs_bcrX54,A3,X1
195,CCGATGTT,pbs_tcrX8,A4,X1
196,CTACCAGT,pbs_bcrX13,A4,X2
197,GAAGTCTG,pbs_bcrX78,A4,X3
198,ATCAACTT,pbs_bcrX31,A6,X1
199,CCAATTCT,pbs_bcrX49,A6,X2
200,GGAACCAT,pbs_bcrX14,A7,X1
201,GAGCGAAT,pbs_bcrX15,A8,X1
202,ATTGGAAG,pbs_tcrX26,A10,X4
203,TATTATAT,pbs_bcrX32,A11,X1
204,CCTTTGCA,pbs_bcrX60,A11,X2
205,ATGCCCTT,pbs_bcrX48,A12,X1
206,CAGATCGT,pbs_tcrX13,B1,X1
207,TTCACCAT,pbs_bcrX88,B2,X1
208,GGTAACAG,pbs_tcrX31,B3,X5
209,CCGTTCTA,pbs_bcrX53,B5,X1
210,GACGTCAA,pbs_bcrX79,B7,X1
211,CCCTTATA,pbs_bcrX52,B8,X1
212,GAATTCCA,pbs_bcrX1,B9,X1
213,AACGTGTA,pbs_bcrX6,B10,X1
214,ACGTAGAG,pbs_bcrX42,B10,X2
215,ACCCTTGC,pbs_bcrX47,B11,X1
216,TCGGAATA,pbs_bcrX2,C1,X1
217,TACTACAT,pbs_bcrX10,C1,X2
218,ATGCCGAG,pbs_bcrX43,C1,X3
219,AGAGCACC,pbs_bcrX66,C1,X4
220,TAACCTCG,pbs_bcrX85,C2,X1
221,TTGTCCGG,pbs_bcrX90,C3,X1
222,GAGATTAT,pbs_bcrX41,C6,X1
223,AGCTAACT,pbs_bcrX16,C9,X1
224,ATTCTCAT,pbs_bcrX17,C10,X1
225,CAACACAT,pbs_bcrX18,C12,X1
226,GGTTAGTG,pbs_bcrX84,D1,X1
227,GGCAGAAG,pbs_bcrX82,D4,X1
228,CTGCAGAC,pbs_bcrX7,D5,X1
229,ATCGAAGT,pbs_bcrX19,D5,X2
230,CCTGTTGC,pbs_bcrX58,D7,X1
231,CCTTGAAG,pbs_bcrX73,D7,X2
232,GTCTCTGC,pbs_tcrX1,D8,X1
233,TATATCCT,pbs_bcrX33,D8,X2
234,GTCTGCTC,pbs_tcrX2,D9,X1
235,ATCATCCT,pbs_bcrX34,D9,X2
236,TCATTCGC,pbs_tcrX3,D11,X1
237,CTACGCTA,pbs_bcrX76,D12,X1
238,CAGCGACT,pbs_bcrX20,E1,X1
239,AAGTCGTT,pbs_bcrX21,E2,X1
240,GAACGAAC,pbs_bcrX77,E3,X1
241,CTACGTTA,pbs_tcrX14,E4,X1
242,CCTGGTAT,pbs_bcrX57,E4,X2
243,AAGTGGTC,pbs_bcrX63,E4,X3
244,CAATCTTC,pbs_tcrX9,E5,X1
245,CTTAACTT,pbs_bcrX35,E5,X2
246,CGGATACT,pbs_bcrX75,E6,X1
247,CGACATGG,pbs_tcrX15,E6,X2
248,TTATCAAT,pbs_bcrX36,E7,X1
249,AGATAATT,pbs_bcrX11,E8,X1
250,CTCTACGT,pbs_bcrX37,E8,X2
251,AGGACGGA,pbs_bcrX68,E9,X1
252,CCCAATTT,pbs_bcrX51,E10,X1
253,AGCCTAAT,pbs_bcrX8,E12,X1
254,GGAGATGA,pbs_bcrX81,F1,X1
255,TACCGCTT,pbs_bcrX12,F4,X1
256,CGTCTAGG,pbs_bcrX61,F4,X2
257,AGTGACTG,pbs_bcrX69,F5,X1
258,CTAGATAT,pbs_bcrX38,F6,X1
259,CCTCATTA,pbs_bcrX55,F7,X1
260,AAGCTAAC,pbs_bcrX62,F7,X2
261,CCTGCATT,pbs_bcrX56,F10,X1
262,AGAACAAG,pbs_bcrX65,F12,X1
263,TTGATATA,pbs_bcrX89,F12,X2
264,GTTAGCAA,pbs_bcrX3,G10,X1
265,GATGACCT,pbs_bcrX44,G2,X1
266,GGTGTCGA,pbs_bcrX83,G2,X2
267,ATTCCGGT,pbs_bcrX72,G3,X1
268,AAGGACTT,pbs_bcrX22,G4,X1
269,CACCAGAG,pbs_bcrX45,G4,X2
270,GTGTGCAG,pbs_bcrX9,G6,X1
271,ACGCGAAT,pbs_bcrX23,G6,X2
272,GCGCCAAT,pbs_bcrX24,G8,X1
273,ATAGTATC,pbs_bcrX71,G8,X2
274,ACAACTGT,pbs_bcrX25,G10,X2
275,CTAATCAT,pbs_bcrX26,G11,X1
276,ATAACATA,pbs_bcrX70,G12,X1
277,CCATTTGC,pbs_bcrX50,H1,X1
278,TAATTGAT,pbs_bcrX87,H1,X2
279,CACAACGT,pbs_bcrX27,H2,X1
280,GTCCTTCA,pbs_tcrX4,H3,X1
281,CGAGTCGA,pbs_tcrX16,H3,X2
282,GAGAGTAA,pbs_bcrX4,H3,X3
283,TGCTTACT,pbs_bcrX28,H3,X4
284,ACTAGGTG,pbs_bcrX64,H3,X5
285,CTCATTAC,pbs_tcrX12,H4,X1
286,AATGATAT,pbs_bcrX39,H4,X2
287,TAATGGTA,pbs_bcrX86,H4,X3
288,GGAACCTG,pbs_bcrX80,H4,X4
289,GTCAGCCT,pbs_tcrX29,H4,X5
290,ATTGGTAT,pbs_bcrX29,H6,X1
291,AGCTACAG,pbs_bcrX67,H6,X2
292,TCATGTGC,pbs_tcrX5,H7,X1
293,GATCCAAC,pbs_bcrX5,H7,X2
294,CAGTGTCG,pbs_tcrX17,H8,X1
295,CGAGCAAT,pbs_bcrX74,H8,X2
296,GCTGGACA,pbs_bcrX46,H9,X1
297,TCACTTGC,pbs_tcrX6,H11,X1
298,CTCACGTT,pbs_bcrX40,H11,X2
299,CCTTACAT,pbs_bcrX59,H11,X3
